User,po,Anantachai,Khankang,1234,anantachai.k@ku.th,0623189418,images/user.png
User,yodchai,ยอดชาย,สายมโน,1234,yodchai@gmail.com,092587346,images/user.png
User,lhorcard,หล่อขาด,บาดใจ,1234,lhorcard@gmail.com,0847351234,images/user.png
User,susii,ซูซี่,ขยี้ใจชาย,1234,susii@gmail.com,0854763152,images/user.png
User,rattana,รัตนา,พระย่อมรู้,1234,rattana@gmail.com,0853135637,images/user.png
User,miss,มิส,เตอร์,1234,miss@gmail.com,0854376112,images/user.png
User,sayhi,เซ,ฮาย,1234,sayhi@gmail.com,0876668354,images/user.png
User,ben,ben,ten,1234,benten@gmail.com,099999999,images/user.png
User,nobi,โนบิ,โนบิตะ,1234,nobita@gmail.com,0111111111,images/user.png
User,goku,ซง,โกคู,1234,goku@gmail.com,0978748787,images/user.png
User,12,12,12,12,12,1234567890,images/user.png
User,00,00,00,00,00,00,images/user.png
